(1, Charlotte, Lorenc, clorenc0@exblog.jp, Female, 116.107.130.228)
(2, Olenka, Lynthal, olynthal1@myspace.com, Female, 126.72.225.225)
(3, Annadiane, Scothron, ascothron2@ft.com, Female, 29.207.31.101)
(4, Anthia, O'Scollee, aoscollee3@intel.com, Female, 111.152.137.82)
(5, Bart, Murthwaite, bmurthwaite4@cnbc.com, Male, 44.226.202.112)
(6, Nikolia, Blaney, nblaney5@jugem.jp, Female, 113.36.51.241)
(7, Lotti, Quartermaine, lquartermaine6@spotify.com, Female, 50.22.191.92)
(8, Bard, Grindrod, bgrindrod7@nydailynews.com, Male, 81.155.48.91)
(9, Ignaz, Siviour, isiviour8@samsung.com, Male, 80.121.102.233)
(10, Rube, Gribble, rgribble9@wisc.edu, Male, 61.77.196.133)
(11, Melamie, Sharville, msharvillea@indiegogo.com, Female, 10.245.188.65)
(12, Pamela, Ridulfo, pridulfob@intel.com, Female, 224.15.111.0)
(13, Weider, Widdall, wwiddallc@ebay.com, Male, 212.133.225.116)
(14, Kurtis, Cromblehome, kcromblehomed@1688.com, Male, 8.227.37.73)
(15, Griselda, Moriarty, gmoriartye@jugem.jp, Female, 221.64.20.244)
(16, Scotti, Cashin, scashinf@altervista.org, Male, 3.203.89.120)
(17, Dell, Copyn, dcopyng@live.com, Female, 102.194.210.53)
(18, Deeyn, Moth, dmothh@disqus.com, Female, 25.97.17.247)
(19, Charo, Roughan, croughani@free.fr, Female, 35.212.154.32)
(20, Aubrey, Juniper, ajuniperj@google.com.au, Female, 101.191.78.210)
(21, Kristoffer, Murby, kmurbyk@seesaa.net, Male, 46.135.72.143)
(22, Phyllis, Wenzel, pwenzell@hostgator.com, Female, 57.167.61.124)
(23, Hakim, Readitt, hreadittm@tiny.cc, Male, 212.50.42.112)
(24, Rodolfo, Matissoff, rmatissoffn@shop-pro.jp, Male, 212.102.180.186)
(25, Darcy, Bourcq, dbourcqo@nationalgeographic.com, Female, 15.181.8.242)
(26, Roderic, Gadd, rgaddp@examiner.com, Male, 127.88.112.154)
(27, Vic, Bourdon, vbourdonq@blogspot.com, Male, 147.77.70.109)
(28, Sadye, Thornborrow, sthornborrowr@cyberchimps.com, Female, 127.208.251.205)
(29, Eamon, Hessentaler, ehessentalers@dion.ne.jp, Male, 233.85.133.226)
(30, Mirabella, Wollers, mwollerst@reference.com, Female, 137.134.190.207)
(31, Emmanuel, Davis, edavisu@baidu.com, Male, 166.144.121.128)
(32, Edan, Capozzi, ecapozziv@skype.com, Male, 118.121.210.59)
(33, Silvano, Ruprich, sruprichw@washington.edu, Male, 125.65.219.230)
(34, Dulcy, Kitchinghan, dkitchinghanx@mapquest.com, Female, 69.14.216.70)
(35, Demetre, Jeroch, djerochy@mtv.com, Male, 186.85.140.248)
(36, Breena, Dooler, bdoolerz@bandcamp.com, Female, 185.89.86.53)
(37, Victoir, Elgee, velgee10@sciencedirect.com, Male, 121.157.11.222)
(38, Mildrid, Unstead, munstead11@aol.com, Female, 115.38.19.103)
(39, Tasha, Mabbs, tmabbs12@wikimedia.org, Female, 254.61.238.210)
(40, Rosie, Halpeine, rhalpeine13@nymag.com, Female, 86.88.5.77)
(41, Kettie, Duhig, kduhig14@163.com, Female, 94.162.171.241)
(42, Desirae, Woodwin, dwoodwin15@rakuten.co.jp, Female, 71.127.37.10)
(43, Thorpe, Bousfield, tbousfield16@themeforest.net, Male, 225.134.170.209)
(44, Felix, Bowsher, fbowsher17@pcworld.com, Male, 44.239.182.151)
(45, Linn, Ygo, lygo18@trellian.com, Female, 77.197.121.254)
(46, Mack, Filippozzi, mfilippozzi19@webnode.com, Male, 236.61.4.156)
(47, Letta, Layman, llayman1a@europa.eu, Female, 148.64.208.238)
(48, Phillie, Shellibeer, pshellibeer1b@purevolume.com, Female, 203.224.142.92)
(49, Zsazsa, Kline, zkline1c@google.it, Female, 41.5.65.191)
(50, Hadrian, Blagden, hblagden1d@archive.org, Male, 91.46.96.182)
(51, Willem, Demchen, wdemchen1e@umn.edu, Male, 16.70.123.119)
(52, Haven, Reims, hreims1f@creativecommons.org, Male, 225.242.169.234)
(53, Gay, Barnish, gbarnish1g@google.com.hk, Female, 155.65.200.0)
(54, Chere, Girhard, cgirhard1h@slideshare.net, Female, 118.131.51.253)
(55, Andriana, Searl, asearl1i@go.com, Female, 224.219.176.238)
(56, Felipe, Giller, fgiller1j@hc360.com, Male, 24.150.185.87)
(57, Michail, Murgatroyd, mmurgatroyd1k@simplemachines.org, Male, 46.92.177.91)
(58, Elwood, Mulvenna, emulvenna1l@hostgator.com, Male, 161.159.227.100)
(59, Dolli, Edgeon, dedgeon1m@ning.com, Female, 203.239.237.164)
(60, Charisse, Storton, cstorton1n@discuz.net, Female, 208.255.16.137)
(61, Joelle, Spondley, jspondley1o@usgs.gov, Female, 165.114.254.245)
(62, Paddy, Weatherhogg, pweatherhogg1p@1und1.de, Male, 185.173.104.7)
(63, Myrta, McVity, mmcvity1q@huffingtonpost.com, Female, 31.3.37.62)
(64, Jordan, Gosson, jgosson1r@digg.com, Female, 59.175.252.237)
(65, Townie, Wrangle, twrangle1s@addthis.com, Male, 121.138.103.124)
(66, Smith, Huguet, shuguet1t@bbc.co.uk, Male, 151.213.184.64)
(67, Bethany, Meneghelli, bmeneghelli1u@printfriendly.com, Female, 216.53.220.164)
(68, Yardley, Darlow, ydarlow1v@mashable.com, Male, 125.226.246.225)
(69, Grier, Koopman, gkoopman1w@indiegogo.com, Female, 16.120.230.244)
(70, Gannie, Slainey, gslainey1x@japanpost.jp, Male, 21.158.49.82)
(71, Audrye, Bingell, abingell1y@mapy.cz, Female, 32.245.170.224)
(72, Berkie, Cressar, bcressar1z@twitpic.com, Male, 221.98.152.51)
(73, Corey, Stockdale, cstockdale20@abc.net.au, Male, 1.183.200.165)
(74, Darline, Cosstick, dcosstick21@bloomberg.com, Female, 211.180.116.35)
(75, Adeline, Elen, aelen22@barnesandnoble.com, Female, 149.103.46.176)
(76, Samuel, Bunkle, sbunkle23@w3.org, Male, 237.209.219.19)
(77, Pieter, McCombe, pmccombe24@flickr.com, Male, 61.53.18.51)
(78, Ervin, Piesold, epiesold25@php.net, Male, 251.174.122.49)
(79, Erika, Renihan, erenihan26@microsoft.com, Female, 43.198.157.45)
(80, Effie, Weald, eweald27@freewebs.com, Female, 159.244.39.61)
(81, Lamar, Saltern, lsaltern28@umn.edu, Male, 49.30.182.182)
(82, Heath, Feldbau, hfeldbau29@exblog.jp, Female, 90.241.197.198)
(83, Fonsie, Harrow, fharrow2a@kickstarter.com, Male, 223.109.227.86)
(84, Gian, Chalmers, gchalmers2b@sourceforge.net, Male, 130.202.144.170)
(85, Esdras, McMahon, emcmahon2c@barnesandnoble.com, Male, 113.199.5.58)
(86, Ferne, Garatty, fgaratty2d@craigslist.org, Female, 74.134.93.217)
(87, Emmalee, Gerish, egerish2e@msu.edu, Female, 43.164.78.134)
(88, Florida, Eslie, feslie2f@instagram.com, Female, 207.11.142.79)
(89, Fayre, Rodmell, frodmell2g@wikia.com, Female, 95.133.179.206)
(90, Cherilynn, Kmietsch, ckmietsch2h@businessinsider.com, Female, 241.93.54.66)
(91, Ruperta, Shalloo, rshalloo2i@guardian.co.uk, Female, 17.5.208.14)
(92, Brandtr, Duplock, bduplock2j@utexas.edu, Male, 86.203.141.221)
(93, Bartholomew, Denziloe, bdenziloe2k@1688.com, Male, 231.19.212.57)
(94, Athene, Ziehm, aziehm2l@redcross.org, Female, 215.76.138.174)
(95, Gawen, Jorden, gjorden2m@lulu.com, Male, 196.230.194.188)
(96, Esdras, Ryles, eryles2n@hhs.gov, Male, 72.30.148.147)
(97, Alikee, Block, ablock2o@creativecommons.org, Female, 199.70.212.143)
(98, Reggi, Dairton, rdairton2p@cdbaby.com, Female, 192.187.190.59)
(99, Corliss, Antonsen, cantonsen2q@nydailynews.com, Female, 7.127.155.214)
(100, Warden, Exton, wexton2r@last.fm, Male, 92.92.139.51)
(101, Ivonne, Tick, itick2s@chron.com, Female, 176.134.18.234)
(102, Bartram, Mewe, bmewe2t@gov.uk, Male, 30.14.21.12)
(103, Perice, McLugish, pmclugish2u@usa.gov, Male, 119.168.2.72)
(104, Kriste, Shone, kshone2v@hubpages.com, Female, 249.132.184.175)
(105, Norrie, Bullion, nbullion2w@dropbox.com, Female, 191.114.109.191)
(106, Davey, Freeland, dfreeland2x@e-recht24.de, Male, 218.16.21.224)
(107, Gilly, Frary, gfrary2y@pagesperso-orange.fr, Female, 69.168.61.249)
(108, Glenda, Dibbert, gdibbert2z@goodreads.com, Female, 154.204.58.36)
(109, Glynda, Tredinnick, gtredinnick30@usgs.gov, Female, 232.202.153.84)
(110, Manon, Durtnell, mdurtnell31@hugedomains.com, Female, 172.104.36.160)
(111, Jodi, Dy, jdy32@salon.com, Male, 23.222.183.20)
(112, Taite, Leile, tleile33@google.fr, Male, 41.175.49.145)
(113, Correy, Shreeves, cshreeves34@usgs.gov, Male, 95.50.149.154)
(114, Janeta, Scranny, jscranny35@paypal.com, Female, 94.139.155.86)
(115, Mildred, Shevlin, mshevlin36@pinterest.com, Female, 1.65.96.89)
(116, Ileane, Muge, imuge37@qq.com, Female, 176.43.177.181)
(117, Danya, Rilings, drilings38@flickr.com, Male, 130.101.160.137)
(118, Mala, Willgress, mwillgress39@topsy.com, Female, 194.39.184.50)
(119, Ody, Cawdery, ocawdery3a@sina.com.cn, Male, 80.41.206.102)
(120, Fenelia, Lowfill, flowfill3b@un.org, Female, 226.45.82.7)
(121, Matthaeus, Podbury, mpodbury3c@kickstarter.com, Male, 207.188.202.53)
(122, Maia, Gillian, mgillian3d@sciencedaily.com, Female, 176.180.193.168)
(123, Tirrell, Calfe, tcalfe3e@yahoo.co.jp, Male, 254.122.38.51)
(124, Erik, Bembridge, ebembridge3f@tripod.com, Male, 69.92.80.193)
(125, Kiley, Bromehed, kbromehed3g@shop-pro.jp, Male, 56.168.57.201)
(126, Vergil, Springer, vspringer3h@ovh.net, Male, 102.31.166.189)
(127, Thor, Taggert, ttaggert3i@digg.com, Male, 189.62.74.158)
(128, Cart, Kendal, ckendal3j@webnode.com, Male, 144.67.191.58)
(129, Ferne, Stoodley, fstoodley3k@facebook.com, Female, 213.73.19.135)
(130, Sharon, Gerardi, sgerardi3l@stanford.edu, Female, 23.30.131.79)
(131, Dorine, Whitley, dwhitley3m@bravesites.com, Female, 9.234.131.46)
(132, Steven, Lumley, slumley3n@ucsd.edu, Male, 83.128.194.15)
(133, Cash, Duthy, cduthy3o@ftc.gov, Male, 249.189.106.238)
(134, Sherm, Hansill, shansill3p@businessinsider.com, Male, 151.166.19.12)
(135, Shaughn, Jump, sjump3q@weather.com, Male, 126.135.240.70)
(136, Annabella, Bartolommeo, abartolommeo3r@instagram.com, Female, 2.200.0.118)
(137, Rogers, Troucher, rtroucher3s@merriam-webster.com, Male, 112.184.33.237)
(138, Perkin, Malbon, pmalbon3t@infoseek.co.jp, Male, 49.8.206.183)
(139, Jayme, Gregore, jgregore3u@lulu.com, Male, 109.219.243.170)
(140, Padraig, Petrie, ppetrie3v@springer.com, Male, 236.92.118.60)
(141, Tristan, Sneezem, tsneezem3w@imdb.com, Male, 233.153.113.46)
(142, Loralyn, Fieldsend, lfieldsend3x@geocities.com, Female, 248.95.110.220)
(143, Wenda, Strangeways, wstrangeways3y@hibu.com, Female, 65.191.67.68)
(144, Chance, Room, croom3z@discuz.net, Male, 61.75.114.64)
(145, Candida, Jedrzejczyk, cjedrzejczyk40@imdb.com, Female, 241.94.202.94)
(146, Salomon, Taunton, staunton41@fema.gov, Male, 114.216.129.154)
(147, Eleanora, Gilston, egilston42@techcrunch.com, Female, 105.69.37.120)
(148, Con, Antognetti, cantognetti43@creativecommons.org, Male, 160.173.208.214)
(149, Harris, Bissiker, hbissiker44@independent.co.uk, Male, 134.51.154.250)
(150, Giovanni, Yackiminie, gyackiminie45@amazon.co.uk, Male, 238.204.241.157)
(151, Tris, Richford, trichford46@constantcontact.com, Male, 212.65.71.192)
(152, Linette, Shoosmith, lshoosmith47@spiegel.de, Female, 19.87.188.167)
(153, Cherin, Hurren, churren48@godaddy.com, Female, 202.203.147.76)
(154, Verine, Tockell, vtockell49@businessweek.com, Female, 139.81.174.2)
(155, Evangelia, Dodle, edodle4a@tumblr.com, Female, 145.151.120.135)
(156, Lina, Ikins, likins4b@unicef.org, Female, 99.48.205.9)
(157, Sonia, Bengall, sbengall4c@gmpg.org, Female, 30.106.183.7)
(158, Ilise, Edgeon, iedgeon4d@msu.edu, Female, 35.162.223.100)
(159, Karlan, Tattam, ktattam4e@amazon.co.jp, Male, 76.104.170.116)
(160, Hilliary, Turville, hturville4f@java.com, Female, 143.40.114.104)
(161, Blakeley, De Witt, bdewitt4g@slashdot.org, Female, 136.111.101.138)
(162, Orson, Bartholat, obartholat4h@hibu.com, Male, 208.234.25.183)
(163, Jared, Emburey, jemburey4i@google.cn, Male, 99.229.163.26)
(164, Avram, Calderon, acalderon4j@irs.gov, Male, 2.248.212.243)
(165, Carolee, Summerly, csummerly4k@furl.net, Female, 38.202.73.169)
(166, Halsey, Otto, hotto4l@1688.com, Male, 67.250.194.98)
(167, Carlotta, Shirlaw, cshirlaw4m@smugmug.com, Female, 57.91.52.240)
(168, Hanson, Kegan, hkegan4n@bandcamp.com, Male, 54.178.16.200)
(169, Westleigh, Dana, wdana4o@bigcartel.com, Male, 244.64.28.139)
(170, Raymond, Foxton, rfoxton4p@marketwatch.com, Male, 249.65.254.236)
(171, Baldwin, Bracco, bbracco4q@nasa.gov, Male, 169.140.131.81)
(172, Lonee, Kingdon, lkingdon4r@jigsy.com, Female, 213.217.84.250)
(173, Rodolfo, Crumly, rcrumly4s@yale.edu, Male, 57.114.69.7)
(174, Kurt, Camplen, kcamplen4t@gmpg.org, Male, 141.122.195.242)
(175, Teriann, Glenfield, tglenfield4u@live.com, Female, 236.176.197.139)
(176, Harri, Studdert, hstuddert4v@comsenz.com, Female, 36.95.227.22)
(177, Tanny, Callis, tcallis4w@bluehost.com, Male, 233.104.189.253)
(178, Morganica, Joinson, mjoinson4x@infoseek.co.jp, Female, 117.251.248.122)
(179, Isidoro, Mockett, imockett4y@elegantthemes.com, Male, 220.198.106.50)
(180, Daren, Bence, dbence4z@etsy.com, Male, 77.107.153.68)
(181, Casandra, Pantin, cpantin50@berkeley.edu, Female, 17.139.141.81)
(182, Wallie, Walentynowicz, wwalentynowicz51@indiegogo.com, Male, 75.15.159.208)
(183, Lee, Roglieri, lroglieri52@nasa.gov, Female, 171.123.226.209)
(184, Madalyn, Buckhurst, mbuckhurst53@deliciousdays.com, Female, 205.29.75.27)
(185, Monro, Dukesbury, mdukesbury54@tmall.com, Male, 150.255.55.45)
(186, Editha, Sarvar, esarvar55@va.gov, Female, 172.212.209.238)
(187, Aylmer, Delmage, adelmage56@geocities.jp, Male, 17.65.14.121)
(188, Nobie, Folling, nfolling57@ibm.com, Male, 219.61.112.246)
(189, Elbertina, Glover, eglover58@webeden.co.uk, Female, 235.68.170.15)
(190, Tannie, Akaster, takaster59@toplist.cz, Male, 249.8.218.176)
(191, Ruth, Wallsworth, rwallsworth5a@com.com, Female, 204.100.66.97)
(192, Clementia, Jeaves, cjeaves5b@miitbeian.gov.cn, Female, 138.248.207.231)
(193, Helen, Lendon, hlendon5c@comsenz.com, Female, 122.202.1.224)
(194, Craggie, Cartmell, ccartmell5d@histats.com, Male, 5.190.207.196)
(195, Raddie, Walmsley, rwalmsley5e@bravesites.com, Male, 130.169.191.160)
(196, Conrado, Brandon, cbrandon5f@histats.com, Male, 65.70.142.82)
(197, Ambrosius, Hardeman, ahardeman5g@1und1.de, Male, 117.140.191.236)
(198, Tucker, Witchell, twitchell5h@si.edu, Male, 17.146.201.34)
(199, Prudence, Hebblewhite, phebblewhite5i@sfgate.com, Female, 4.173.144.71)
(200, Ethelda, Ible, eible5j@intel.com, Female, 140.245.77.12)
(201, Dore, Tirte, dtirte5k@mediafire.com, Male, 177.92.213.186)
(202, Mikael, Camosso, mcamosso5l@google.fr, Male, 62.151.127.111)
(203, Yance, Borit, yborit5m@g.co, Male, 233.176.56.19)
(204, Shandy, Joberne, sjoberne5n@blogs.com, Female, 170.127.152.229)
(205, Barrett, Belli, bbelli5o@storify.com, Male, 4.251.130.14)
(206, Celesta, Tonn, ctonn5p@chron.com, Female, 119.16.132.149)
(207, Elmer, Ruusa, eruusa5q@hexun.com, Male, 238.154.253.158)
(208, Rosanna, Wasteney, rwasteney5r@bloomberg.com, Female, 80.89.28.188)
(209, Ivor, Bleasby, ibleasby5s@statcounter.com, Male, 220.7.165.96)
(210, Lonny, Crossthwaite, lcrossthwaite5t@reddit.com, Male, 28.12.73.120)
(211, Bartel, Westnedge, bwestnedge5u@constantcontact.com, Male, 55.114.202.180)
(212, Kelsi, Simester, ksimester5v@delicious.com, Female, 64.85.240.180)
(213, Shaun, Hirthe, shirthe5w@blogs.com, Male, 51.82.36.68)
(214, Elinor, Worden, eworden5x@sphinn.com, Female, 216.98.65.11)
(215, Ailyn, Cowey, acowey5y@prnewswire.com, Female, 97.197.159.129)
(216, Marybelle, Royds, mroyds5z@wikia.com, Female, 53.56.105.121)
(217, Tresa, Nester, tnester60@virginia.edu, Female, 168.150.219.109)
(218, Margalit, Wallsam, mwallsam61@guardian.co.uk, Female, 171.200.235.1)
(219, Celesta, Neeson, cneeson62@imgur.com, Female, 174.169.36.46)
(220, Averil, Lydiard, alydiard63@topsy.com, Female, 229.31.84.236)
(221, Rodrique, Pietsma, rpietsma64@diigo.com, Male, 48.114.26.191)
(222, Bellina, Swynley, bswynley65@typepad.com, Female, 86.193.40.169)
(223, Loydie, Grinley, lgrinley66@ucoz.ru, Male, 189.207.186.243)
(224, Anna, Turtle, aturtle67@google.nl, Female, 77.237.160.240)
(225, Leonerd, Fidilis, lfidilis68@yale.edu, Male, 200.101.159.105)
(226, Kania, Dacey, kdacey69@diigo.com, Female, 221.123.114.13)
(227, Davie, Sillwood, dsillwood6a@dropbox.com, Male, 41.249.101.228)
(228, Rockie, Stanbury, rstanbury6b@unesco.org, Male, 136.186.162.17)
(229, Hadleigh, Allsop, hallsop6c@sogou.com, Male, 43.53.6.196)
(230, Kari, Stothert, kstothert6d@diigo.com, Female, 207.211.124.39)
(231, Byrom, Bedbrough, bbedbrough6e@posterous.com, Male, 7.15.167.40)
(232, Hobard, McMichell, hmcmichell6f@gnu.org, Male, 111.81.4.102)
(233, Ariana, Ausello, aausello6g@bloomberg.com, Female, 177.30.203.228)
(234, Shamus, Camelli, scamelli6h@xing.com, Male, 199.141.97.99)
(235, Rosemaria, McLaughlin, rmclaughlin6i@example.com, Female, 32.220.102.231)
(236, Mortie, Francescuzzi, mfrancescuzzi6j@cbsnews.com, Male, 25.24.100.68)
(237, Frannie, Konertz, fkonertz6k@ed.gov, Female, 211.41.13.165)
(238, Bone, Amerighi, bamerighi6l@freewebs.com, Male, 239.113.255.186)
(239, Agace, Huot, ahuot6m@gizmodo.com, Female, 1.5.128.166)
(240, Ezmeralda, Ellen, eellen6n@goo.gl, Female, 0.0.222.133)
(241, Ashbey, Snook, asnook6o@blogtalkradio.com, Male, 248.239.67.6)
(242, Kylie, Ozintsev, kozintsev6p@wikia.com, Female, 189.125.155.178)
(243, Gilda, Boyne, gboyne6q@edublogs.org, Female, 57.251.169.27)
(244, Monroe, Dumsday, mdumsday6r@51.la, Male, 254.245.146.96)
(245, Amalle, Lemary, alemary6s@diigo.com, Female, 253.149.179.242)
(246, Harlen, Stockdale, hstockdale6t@stanford.edu, Male, 207.103.182.207)
(247, Alanson, Tizard, atizard6u@alibaba.com, Male, 180.194.219.60)
(248, Florry, Yakubovics, fyakubovics6v@artisteer.com, Female, 31.193.207.128)
(249, Elston, Tomlins, etomlins6w@devhub.com, Male, 175.18.144.42)
(250, Madonna, Blackah, mblackah6x@com.com, Female, 157.39.180.192)
(251, Otho, Thickens, othickens6y@google.com.hk, Male, 245.164.221.78)
(252, Cissiee, Fasset, cfasset6z@java.com, Female, 159.181.188.187)
(253, Herta, Coppledike, hcoppledike70@instagram.com, Female, 22.35.230.193)
(254, Hunt, Wasselin, hwasselin71@linkedin.com, Male, 209.24.50.56)
(255, Torrie, Thomason, tthomason72@ebay.co.uk, Female, 30.9.165.211)
(256, Brade, Rylance, brylance73@lulu.com, Male, 70.133.143.5)
(257, Chrissie, Darinton, cdarinton74@quantcast.com, Male, 150.3.196.162)
(258, Wilek, Stearne, wstearne75@china.com.cn, Male, 66.19.82.143)
(259, Joyan, Hanwell, jhanwell76@nyu.edu, Female, 4.127.221.94)
(260, Bertha, Fosse, bfosse77@mozilla.org, Female, 122.163.165.57)
(261, Thorsten, Cockell, tcockell78@comcast.net, Male, 76.128.168.233)
(262, Hillard, Lammerts, hlammerts79@tamu.edu, Male, 193.77.56.88)
(263, Sigismund, Vernazza, svernazza7a@indiegogo.com, Male, 144.12.28.111)
(264, Caro, Averies, caveries7b@tripod.com, Female, 47.121.4.207)
(265, Rozelle, Thoma, rthoma7c@sbwire.com, Female, 245.254.255.34)
(266, Consuelo, Donnel, cdonnel7d@miitbeian.gov.cn, Female, 196.51.202.70)
(267, Correy, Sharphurst, csharphurst7e@usnews.com, Female, 105.18.252.237)
(268, Winn, Pattinson, wpattinson7f@wordpress.org, Male, 14.38.58.200)
(269, Eberto, Shepherdson, eshepherdson7g@ustream.tv, Male, 36.142.110.47)
(270, Seumas, Spradbrow, sspradbrow7h@utexas.edu, Male, 38.32.21.227)
(271, Justin, Mar, jmar7i@pen.io, Male, 76.62.182.54)
(272, Claudian, Aleksankov, caleksankov7j@pcworld.com, Male, 56.246.68.58)
(273, Rickard, Espina, respina7k@mediafire.com, Male, 200.43.121.215)
(274, Virgil, McDavitt, vmcdavitt7l@forbes.com, Male, 181.147.172.143)
(275, Lusa, Errol, lerrol7m@si.edu, Female, 162.236.120.152)
(276, Jenilee, Sleicht, jsleicht7n@sun.com, Female, 151.101.85.6)
(277, Lanny, Garrod, lgarrod7o@fema.gov, Male, 232.241.243.231)
(278, Brenda, Franek, bfranek7p@reuters.com, Female, 36.94.158.9)
(279, Michale, Eardley, meardley7q@nifty.com, Male, 73.60.88.162)
(280, Layne, Van Dale, lvandale7r@domainmarket.com, Female, 68.67.180.120)
(281, Edee, Diglin, ediglin7s@nature.com, Female, 247.79.201.53)
(282, Harriett, Verralls, hverralls7t@globo.com, Female, 253.255.87.93)
(283, Hephzibah, Larner, hlarner7u@plala.or.jp, Female, 16.177.57.37)
(284, Kristofer, Callaghan, kcallaghan7v@a8.net, Male, 32.91.31.150)
(285, Kerr, Shillam, kshillam7w@multiply.com, Male, 247.225.28.86)
(286, Payton, Keitley, pkeitley7x@nsw.gov.au, Male, 40.71.132.105)
(287, Ichabod, Tille, itille7y@tmall.com, Male, 130.203.172.4)
(288, Parker, Filson, pfilson7z@odnoklassniki.ru, Male, 205.224.16.192)
(289, Roland, Brydon, rbrydon80@bravesites.com, Male, 21.71.224.123)
(290, Silvano, Beacham, sbeacham81@amazon.de, Male, 205.200.135.165)
(291, Riobard, Eliot, reliot82@tuttocitta.it, Male, 251.94.193.207)
(292, Klara, Ibbett, kibbett83@ameblo.jp, Female, 58.1.138.87)
(293, Dale, Palia, dpalia84@census.gov, Female, 24.125.151.203)
(294, Krystalle, Dearden, kdearden85@cbslocal.com, Female, 26.220.103.193)
(295, Morty, Custance, mcustance86@china.com.cn, Male, 196.166.162.210)
(296, Moises, Drillingcourt, mdrillingcourt87@cam.ac.uk, Male, 161.25.51.162)
(297, Shoshanna, Ciobotaru, sciobotaru88@bigcartel.com, Female, 169.82.84.152)
(298, Dacy, Martinot, dmartinot89@moonfruit.com, Female, 197.155.143.137)
(299, Nelly, Welbrock, nwelbrock8a@netvibes.com, Female, 101.124.97.124)
(300, Nikolia, McIlwrick, nmcilwrick8b@cocolog-nifty.com, Female, 136.14.233.85)
(301, Willyt, Primrose, wprimrose8c@digg.com, Female, 57.11.27.226)
(302, Collen, Surgey, csurgey8d@mozilla.org, Female, 99.170.6.102)
(303, Aurore, Gurner, agurner8e@google.co.jp, Female, 153.192.72.102)
(304, Laure, Menere, lmenere8f@barnesandnoble.com, Female, 129.63.240.244)
(305, Tammie, Iamittii, tiamittii8g@myspace.com, Female, 14.24.202.236)
(306, Merell, Sketcher, msketcher8h@google.com.hk, Male, 98.184.71.209)
(307, Suzie, Hendron, shendron8i@etsy.com, Female, 16.49.48.145)
(308, Madlen, Curds, mcurds8j@fc2.com, Female, 210.135.213.155)
(309, Arlan, Emanueli, aemanueli8k@skyrock.com, Male, 176.47.54.132)
(310, Flossi, Ammer, fammer8l@bravesites.com, Female, 29.145.154.18)
(311, Chico, Ilymanov, cilymanov8m@xing.com, Male, 216.209.37.67)
(312, Odelia, Gajownik, ogajownik8n@mlb.com, Female, 129.126.229.146)
(313, Kermie, Turney, kturney8o@cbc.ca, Male, 103.45.160.200)
(314, Giacobo, Sammonds, gsammonds8p@jiathis.com, Male, 131.125.151.85)
(315, Parnell, Matyas, pmatyas8q@howstuffworks.com, Male, 248.31.4.112)
(316, Jarad, Rawlin, jrawlin8r@pen.io, Male, 154.182.207.24)
(317, Valli, Idale, vidale8s@bigcartel.com, Female, 189.63.148.127)
(318, Mellisent, Mathys, mmathys8t@wix.com, Female, 127.215.15.14)
(319, Nana, Matthai, nmatthai8u@state.tx.us, Female, 61.39.191.180)
(320, Karie, Beilby, kbeilby8v@netlog.com, Female, 180.43.96.111)
(321, Tiffanie, Althorp, talthorp8w@time.com, Female, 129.204.181.169)
(322, Sawyere, Vanyashkin, svanyashkin8x@123-reg.co.uk, Male, 7.224.176.253)
(323, Gillan, Ventum, gventum8y@chronoengine.com, Female, 59.197.171.223)
(324, Kayley, Dallaway, kdallaway8z@ca.gov, Female, 164.180.78.87)
(325, Idell, Paton, ipaton90@dot.gov, Female, 225.141.96.33)
(326, Crissy, Gallant, cgallant91@ycombinator.com, Female, 55.60.180.34)
(327, Emlynne, McNamara, emcnamara92@live.com, Female, 66.70.74.17)
(328, Giuseppe, Overshott, govershott93@parallels.com, Male, 32.236.23.23)
(329, Godfrey, Scanderet, gscanderet94@tripod.com, Male, 40.227.5.230)
(330, Werner, Anstead, wanstead95@loc.gov, Male, 115.159.121.113)
(331, Saundra, Pearne, spearne96@geocities.jp, Male, 200.86.33.194)
(332, Marge, Briscam, mbriscam97@myspace.com, Female, 208.112.7.145)
(333, Winni, Latek, wlatek98@t-online.de, Female, 50.56.56.62)
(334, Reece, Ettles, rettles99@vkontakte.ru, Male, 11.189.250.13)
(335, Goldie, Lathaye, glathaye9a@stumbleupon.com, Female, 72.141.241.254)
(336, Ignaz, Chishull, ichishull9b@loc.gov, Male, 23.136.220.204)
(337, Nadean, Ring, nring9c@google.co.uk, Female, 96.238.127.133)
(338, Hakeem, Wolfenden, hwolfenden9d@reddit.com, Male, 206.126.111.75)
(339, Sunshine, Dayborne, sdayborne9e@si.edu, Female, 71.125.137.205)
(340, Alvis, Meenan, ameenan9f@archive.org, Male, 44.121.126.139)
(341, Barnaby, Biglin, bbiglin9g@springer.com, Male, 109.144.18.107)
(342, Martainn, Rosenblad, mrosenblad9h@sina.com.cn, Male, 90.133.189.14)
(343, Herve, Scammonden, hscammonden9i@yellowpages.com, Male, 244.103.1.237)
(344, Del, Gannan, dgannan9j@wikimedia.org, Female, 109.209.224.89)
(345, Aigneis, Hewson, ahewson9k@miibeian.gov.cn, Female, 44.79.67.65)
(346, Alfie, Roseman, aroseman9l@phpbb.com, Male, 22.191.131.161)
(347, Melissa, Winchurch, mwinchurch9m@reddit.com, Female, 117.91.182.159)
(348, Yasmeen, Radborn, yradborn9n@blogs.com, Female, 69.203.157.27)
(349, Idalina, MacScherie, imacscherie9o@scientificamerican.com, Female, 226.196.204.158)
(350, Sadie, Fieldgate, sfieldgate9p@chronoengine.com, Female, 137.215.80.18)
(351, Vaclav, Calan, vcalan9q@upenn.edu, Male, 205.101.198.51)
(352, Alys, Tuiller, atuiller9r@goo.ne.jp, Female, 110.86.157.76)
(353, Aurel, Wickett, awickett9s@xinhuanet.com, Female, 108.32.223.91)
(354, Elizabet, Isgate, eisgate9t@usnews.com, Female, 204.154.179.120)
(355, Bradan, de Zamora, bdezamora9u@nifty.com, Male, 188.209.206.84)
(356, Erl, MacPhaden, emacphaden9v@epa.gov, Male, 136.193.113.158)
(357, Burg, Beyne, bbeyne9w@economist.com, Male, 246.153.145.178)
(358, Flint, Jaze, fjaze9x@squarespace.com, Male, 244.126.185.245)
(359, Roxie, MacCracken, rmaccracken9y@mediafire.com, Female, 120.10.173.248)
(360, Kareem, Scarasbrick, kscarasbrick9z@free.fr, Male, 177.46.17.59)
(361, Korrie, Locock, klococka0@cargocollective.com, Female, 131.15.28.195)
(362, Pamela, Codner, pcodnera1@w3.org, Female, 11.70.254.133)
(363, Rafi, Dene, rdenea2@dell.com, Male, 153.1.104.228)
(364, Joseito, Remington, jremingtona3@google.nl, Male, 92.37.195.112)
(365, Zeke, Duce, zducea4@theguardian.com, Male, 81.254.66.114)
(366, Charley, Eytel, ceytela5@sourceforge.net, Male, 65.115.85.134)
(367, Lilith, Clutheram, lclutherama6@netvibes.com, Female, 143.176.167.81)
(368, Levy, Giacomoni, lgiacomonia7@last.fm, Male, 213.45.84.61)
(369, Agnola, Faherty, afahertya8@twitter.com, Female, 244.99.52.83)
(370, Concettina, Blakeway, cblakewaya9@usnews.com, Female, 20.203.179.118)
(371, Romona, Kalinsky, rkalinskyaa@yandex.ru, Female, 123.126.196.61)
(372, Reynard, Leake, rleakeab@youtu.be, Male, 73.222.243.85)
(373, Porter, Bims, pbimsac@gravatar.com, Male, 122.55.104.241)
(374, Rouvin, Frosch, rfroschad@china.com.cn, Male, 0.199.179.64)
(375, Atalanta, Takis, atakisae@illinois.edu, Female, 49.199.224.235)
(376, Ebba, Kiff, ekiffaf@hp.com, Female, 75.87.184.38)
(377, Madison, St. Quentin, mstquentinag@wikipedia.org, Male, 175.150.48.214)
(378, Ernaline, Ruggier, eruggierah@tiny.cc, Female, 19.167.185.109)
(379, Goldia, Tiddy, gtiddyai@cocolog-nifty.com, Female, 197.124.62.188)
(380, Gayelord, Levis, glevisaj@geocities.com, Male, 94.101.57.237)
(381, Bertram, Cook, bcookak@state.tx.us, Male, 242.186.53.104)
(382, Elita, Zoellner, ezoellneral@google.com.au, Female, 221.185.72.236)
(383, Weston, Spire, wspiream@hc360.com, Male, 83.155.170.136)
(384, Dodie, Odeson, dodesonan@bravesites.com, Female, 253.89.227.225)
(385, Jaime, Scandrett, jscandrettao@xrea.com, Female, 223.114.183.240)
(386, Leeann, Sollner, lsollnerap@cafepress.com, Female, 120.183.48.134)
(387, Jard, Dronsfield, jdronsfieldaq@google.it, Male, 95.186.185.219)
(388, Dallon, Cauthra, dcauthraar@newyorker.com, Male, 148.183.211.187)
(389, Corrie, Wybourne, cwybourneas@usatoday.com, Female, 213.224.55.202)
(390, Leland, Skein, lskeinat@behance.net, Female, 122.235.5.109)
(391, Andres, Cordes, acordesau@example.com, Male, 2.148.67.161)
(392, Ortensia, Bibb, obibbav@latimes.com, Female, 204.209.227.190)
(393, Jan, Crut, jcrutaw@slideshare.net, Female, 138.177.195.69)
(394, Gwen, Barents, gbarentsax@ocn.ne.jp, Female, 88.111.207.157)
(395, Eddie, Leadbitter, eleadbitteray@epa.gov, Female, 252.7.84.159)
(396, Amandie, Ferrara, aferraraaz@bbc.co.uk, Female, 64.69.219.146)
(397, Danya, Boc, dbocb0@geocities.com, Male, 96.97.215.235)
(398, Sherwin, Yeend, syeendb1@dot.gov, Male, 118.188.104.180)
(399, Cal, Maudson, cmaudsonb2@shutterfly.com, Female, 91.53.141.181)
(400, Mella, Thornton-Dewhirst, mthorntondewhirstb3@toplist.cz, Female, 11.184.166.219)
(401, Hogan, Vouls, hvoulsb4@wikispaces.com, Male, 72.4.66.144)
(402, Huntley, Larmouth, hlarmouthb5@bing.com, Male, 129.91.241.226)
(403, Penrod, Faill, pfaillb6@freewebs.com, Male, 95.194.143.169)
(404, Erny, Doyley, edoyleyb7@auda.org.au, Male, 191.98.196.153)
(405, Loydie, Pleager, lpleagerb8@google.de, Male, 109.61.88.196)
(406, Gasper, Bengall, gbengallb9@mtv.com, Male, 91.24.13.65)
(407, Aimee, BoHlingolsen, abohlingolsenba@archive.org, Female, 199.16.239.232)
(408, Rodrick, Westell, rwestellbb@chronoengine.com, Male, 154.179.82.5)
(409, Gale, Scholz, gscholzbc@loc.gov, Male, 36.184.86.178)
(410, Brandise, Point, bpointbd@quantcast.com, Female, 79.61.121.121)
(411, Berri, Jeandillou, bjeandilloube@biblegateway.com, Female, 134.254.93.220)
(412, Kari, Crielly, kcriellybf@salon.com, Female, 195.53.24.87)
(413, Fawnia, Kemme, fkemmebg@amazon.com, Female, 165.55.13.72)
(414, Carlynne, Jewers, cjewersbh@blinklist.com, Female, 159.166.17.236)
(415, Jeremias, Borkett, jborkettbi@prweb.com, Male, 209.129.80.13)
(416, Zsa zsa, Ricciardelli, zricciardellibj@booking.com, Female, 159.102.131.38)
(417, Lonnard, Gogarty, lgogartybk@va.gov, Male, 2.196.251.218)
(418, Der, Pendred, dpendredbl@nytimes.com, Male, 88.26.134.166)
(419, Addie, Swatman, aswatmanbm@ibm.com, Male, 5.53.248.132)
(420, Cori, Lovell, clovellbn@hud.gov, Male, 240.114.52.196)
(421, Bobby, Wrigley, bwrigleybo@craigslist.org, Female, 120.225.185.108)
(422, Purcell, Hattigan, phattiganbp@spotify.com, Male, 216.192.4.115)
(423, Dominic, Hayler, dhaylerbq@uiuc.edu, Male, 134.223.47.48)
(424, Corri, Tocher, ctocherbr@cisco.com, Female, 201.135.131.96)
(425, Agretha, Jeacock, ajeacockbs@wikia.com, Female, 4.155.169.7)
(426, Shelton, Kollach, skollachbt@angelfire.com, Male, 203.196.172.104)
(427, Andris, Dulanty, adulantybu@cbsnews.com, Male, 80.222.189.114)
(428, Abel, Passingham, apassinghambv@adobe.com, Male, 14.241.140.141)
(429, Bryon, MacPeice, bmacpeicebw@army.mil, Male, 135.157.192.47)
(430, Odell, Gosnoll, ogosnollbx@squidoo.com, Male, 142.35.130.165)
(431, Jason, Grimestone, jgrimestoneby@yale.edu, Male, 26.120.69.216)
(432, Whittaker, Clemencet, wclemencetbz@w3.org, Male, 123.232.1.52)
(433, Faith, Eaglestone, feaglestonec0@gmpg.org, Female, 135.24.135.148)
(434, Billie, Franzelini, bfranzelinic1@berkeley.edu, Male, 47.138.15.104)
(435, Erminia, Ratcliffe, eratcliffec2@sbwire.com, Female, 188.4.130.255)
(436, Opaline, Bourgaize, obourgaizec3@woothemes.com, Female, 71.133.90.86)
(437, Theodore, Aubery, tauberyc4@virginia.edu, Male, 170.199.194.244)
(438, Leora, Lockhart, llockhartc5@themeforest.net, Female, 241.194.170.153)
(439, Madonna, Ollet, molletc6@hexun.com, Female, 16.182.75.139)
(440, Berni, Esmead, besmeadc7@unicef.org, Female, 252.227.217.155)
(441, Bethena, Maffioletti, bmaffiolettic8@discovery.com, Female, 164.79.80.140)
(442, Mateo, Onraet, monraetc9@unblog.fr, Male, 72.21.101.178)
(443, Humphrey, Lowin, hlowinca@desdev.cn, Male, 26.86.166.160)
(444, Herc, Krugmann, hkrugmanncb@delicious.com, Male, 171.227.82.49)
(445, Jamesy, Windebank, jwindebankcc@fc2.com, Male, 101.11.189.27)
(446, Warden, Lister, wlistercd@utexas.edu, Male, 214.40.19.47)
(447, Garrott, Brende, gbrendece@go.com, Male, 211.60.97.199)
(448, Georas, Ruprecht, gruprechtcf@jimdo.com, Male, 237.224.207.247)
(449, Dorena, Gaucher, dgauchercg@yellowbook.com, Female, 101.226.125.181)
(450, Justina, Bernardet, jbernardetch@aol.com, Female, 191.228.239.150)
(451, Jackqueline, Misson, jmissonci@chicagotribune.com, Female, 195.75.57.241)
(452, Rakel, Thornhill, rthornhillcj@mozilla.org, Female, 253.251.56.132)
(453, Arlana, Woodburne, awoodburneck@ft.com, Female, 118.105.181.162)
(454, Burt, Tant, btantcl@huffingtonpost.com, Male, 105.71.92.167)
(455, Sheelah, Laurentin, slaurentincm@admin.ch, Female, 124.118.112.47)
(456, Susanne, Bugden, sbugdencn@people.com.cn, Female, 51.39.73.0)
(457, Dorena, Seleway, dselewayco@businessweek.com, Female, 200.166.172.58)
(458, Corny, Arstingall, carstingallcp@ifeng.com, Male, 104.99.7.48)
(459, Brit, Espadas, bespadascq@blogtalkradio.com, Female, 154.16.170.244)
(460, Gwenora, Tucknutt, gtucknuttcr@telegraph.co.uk, Female, 91.201.39.119)
(461, Johna, Tomasi, jtomasics@t-online.de, Female, 93.182.217.135)
(462, Page, Klaesson, pklaessonct@sciencedaily.com, Male, 233.58.248.0)
(463, Celie, Martignoni, cmartignonicu@behance.net, Female, 62.12.52.226)
(464, Jedediah, Boyde, jboydecv@ycombinator.com, Male, 168.73.204.139)
(465, Dix, Kobiela, dkobielacw@geocities.com, Female, 167.40.162.71)
(466, Courtney, Caldera, ccalderacx@eventbrite.com, Female, 147.181.110.231)
(467, Gage, Danett, gdanettcy@mtv.com, Male, 57.70.155.16)
(468, Sax, Merner, smernercz@tumblr.com, Male, 11.208.202.183)
(469, Egbert, Rymell, erymelld0@google.es, Male, 252.223.191.162)
(470, Casie, Stanway, cstanwayd1@over-blog.com, Female, 231.76.109.197)
(471, Cort, Stileman, cstilemand2@theguardian.com, Male, 38.43.112.144)
(472, Ortensia, Chater, ochaterd3@weebly.com, Female, 195.72.39.219)
(473, Prisca, Humpherson, phumphersond4@jalbum.net, Female, 15.38.131.216)
(474, Carny, Birchenhead, cbirchenheadd5@mail.ru, Male, 251.165.134.125)
(475, Caresse, Piff, cpiffd6@wix.com, Female, 204.42.238.255)
(476, Jillana, Comben, jcombend7@smugmug.com, Female, 21.169.138.38)
(477, Raul, Doerffer, rdoerfferd8@ucla.edu, Male, 196.141.188.169)
(478, Ivie, Elkins, ielkinsd9@blogger.com, Female, 128.98.45.55)
(479, Betsey, Caught, bcaughtda@boston.com, Female, 115.9.221.236)
(480, Elizabet, Insole, einsoledb@twitpic.com, Female, 213.236.11.150)
(481, Ivory, Loughton, iloughtondc@artisteer.com, Female, 239.42.31.72)
(482, Dionisio, McIlmorie, dmcilmoriedd@bloomberg.com, Male, 98.222.89.40)
(483, Ava, Bleddon, ableddonde@seesaa.net, Female, 207.75.165.66)
(484, Pavlov, Sircombe, psircombedf@cbsnews.com, Male, 13.226.29.236)
(485, Josee, Hassey, jhasseydg@blogs.com, Female, 13.189.50.15)
(486, Lewiss, Churchouse, lchurchousedh@google.com.au, Male, 54.55.150.194)
(487, Perice, Perillo, pperillodi@disqus.com, Male, 198.0.2.35)
(488, Jeni, Feary, jfearydj@census.gov, Female, 148.132.47.35)
(489, Cory, Frisby, cfrisbydk@princeton.edu, Female, 206.102.145.239)
(490, Bernete, Ilyin, bilyindl@bing.com, Female, 243.212.248.179)
(491, Annabal, Gaddie, agaddiedm@ifeng.com, Female, 146.43.79.42)
(492, Des, Sarath, dsarathdn@about.me, Male, 29.93.2.170)
(493, Giffie, Prester, gpresterdo@blog.com, Male, 85.64.195.191)
(494, Wilow, Abson, wabsondp@umich.edu, Female, 138.34.58.56)
(495, Artus, Bryant, abryantdq@dagondesign.com, Male, 41.67.46.115)
(496, Fayth, McArt, fmcartdr@ow.ly, Female, 116.200.57.39)
(497, Abramo, Langston, alangstonds@columbia.edu, Male, 181.94.185.220)
(498, Guenevere, Bleyman, gbleymandt@yellowpages.com, Female, 161.205.40.192)
(499, Shayna, Mingardi, smingardidu@photobucket.com, Female, 229.146.127.156)
(500, Jody, Brideoke, jbrideokedv@people.com.cn, Male, 235.160.95.17)
(501, Nedda, Keyho, nkeyhodw@yellowbook.com, Female, 222.233.94.147)
(502, Ethe, Buchett, ebuchettdx@shareasale.com, Male, 39.164.81.84)
(503, Bevvy, Cranefield, bcranefielddy@newyorker.com, Female, 89.164.254.145)
(504, Godfrey, Smithyman, gsmithymandz@sbwire.com, Male, 18.183.198.228)
(505, Alfy, Schwanden, aschwandene0@ucoz.com, Female, 101.151.140.5)
(506, Merridie, O'Haire, mohairee1@uiuc.edu, Female, 93.31.85.248)
(507, Irwin, Davenhill, idavenhille2@ihg.com, Male, 108.56.151.77)
(508, Averil, Dransfield, adransfielde3@ameblo.jp, Male, 222.2.209.184)
(509, Patrice, Gillham, pgillhame4@homestead.com, Male, 214.27.112.120)
(510, Willette, Angelo, wangeloe5@ustream.tv, Female, 97.234.64.220)
(511, Rhodia, Sokale, rsokalee6@youtu.be, Female, 159.82.184.61)
(512, Joe, Jukubczak, jjukubczake7@craigslist.org, Male, 86.181.242.138)
(513, Syd, Eplate, seplatee8@msu.edu, Male, 130.214.70.194)
(514, Erasmus, Seif, eseife9@google.it, Male, 75.162.252.90)
(515, Cory, Betjes, cbetjesea@so-net.ne.jp, Female, 62.234.144.22)
(516, Melania, Thouless, mthoulesseb@usda.gov, Female, 36.66.204.190)
(517, Cullan, Alwin, calwinec@people.com.cn, Male, 135.195.89.204)
(518, Quinton, Awty, qawtyed@jiathis.com, Male, 64.39.81.194)
(519, Dagny, Gowan, dgowanee@tuttocitta.it, Male, 86.56.106.157)
(520, Milli, Swains, mswainsef@ebay.com, Female, 93.73.40.252)
(521, Carney, Ebunoluwa, cebunoluwaeg@adobe.com, Male, 37.239.10.106)
(522, Rickie, Berecloth, rbereclotheh@people.com.cn, Female, 154.231.54.89)
(523, Aime, Vanacci, avanacciei@ed.gov, Female, 64.103.56.115)
(524, Nicolle, Diego, ndiegoej@chronoengine.com, Female, 211.180.71.54)
(525, Eloisa, Kasman, ekasmanek@sun.com, Female, 38.48.174.188)
(526, Liuka, Pettet, lpettetel@mit.edu, Female, 81.162.61.244)
(527, Jared, Landeg, jlandegem@oakley.com, Male, 147.43.115.178)
(528, Shandeigh, Bachelor, sbacheloren@oaic.gov.au, Female, 93.196.98.42)
(529, Tamarah, Bugge, tbuggeeo@wisc.edu, Female, 13.212.138.40)
(530, Amii, Gockelen, agockelenep@bbc.co.uk, Female, 245.201.192.159)
(531, Jamill, Farington, jfaringtoneq@booking.com, Male, 195.13.191.164)
(532, Samson, Dillinton, sdillintoner@google.cn, Male, 33.210.156.252)
(533, Ellery, Dodson, edodsones@lycos.com, Male, 31.231.25.6)
(534, Emili, Menpes, emenpeset@newyorker.com, Female, 42.133.82.190)
(535, Leena, Dreelan, ldreelaneu@technorati.com, Female, 218.217.7.3)
(536, Waverly, Ormistone, wormistoneev@aol.com, Male, 70.182.245.35)
(537, Thom, McKinnon, tmckinnonew@biblegateway.com, Male, 148.91.118.45)
(538, Elissa, Sergeant, esergeantex@addtoany.com, Female, 247.243.204.209)
(539, Constantine, Tabard, ctabardey@prnewswire.com, Male, 175.247.251.106)
(540, Lainey, Buten, lbutenez@hubpages.com, Female, 58.100.202.150)
(541, Edik, Doudney, edoudneyf0@purevolume.com, Male, 210.66.160.174)
(542, Leone, Linge, llingef1@alibaba.com, Female, 187.82.26.250)
(543, Livvy, Thackham, lthackhamf2@prlog.org, Female, 96.208.199.168)
(544, Marget, Cordingly, mcordinglyf3@imgur.com, Female, 186.17.36.142)
(545, Donaugh, Weathey, dweatheyf4@comsenz.com, Male, 230.39.172.140)
(546, Marianne, Ciotto, mciottof5@wired.com, Female, 159.90.245.130)
(547, Nickie, Coplestone, ncoplestonef6@chicagotribune.com, Female, 179.167.32.5)
(548, Berkie, Ibotson, bibotsonf7@alibaba.com, Male, 242.6.158.26)
(549, Lemmy, Stonuary, lstonuaryf8@blinklist.com, Male, 106.23.99.123)
(550, Mirilla, Kinnar, mkinnarf9@nih.gov, Female, 170.130.150.192)
(551, Faina, Shernock, fshernockfa@theatlantic.com, Female, 81.250.147.17)
(552, Corbet, Ferriere, cferrierefb@google.es, Male, 34.120.91.21)
(553, Annabela, Sprowell, asprowellfc@engadget.com, Female, 190.200.32.6)
(554, Kelcie, Blindmann, kblindmannfd@unblog.fr, Female, 106.119.194.201)
(555, Bartram, Foot, bfootfe@ebay.com, Male, 246.176.105.101)
(556, Franny, Hodjetts, fhodjettsff@dropbox.com, Female, 16.143.214.69)
(557, Norean, Boswood, nboswoodfg@aol.com, Female, 249.224.41.184)
(558, Thorstein, MacAllaster, tmacallasterfh@360.cn, Male, 98.54.54.228)
(559, Portie, Ive, pivefi@ow.ly, Male, 122.22.228.176)
(560, Moyna, Tattersall, mtattersallfj@newyorker.com, Female, 76.64.211.195)
(561, Vasilis, Martt, vmarttfk@liveinternet.ru, Male, 96.146.39.183)
(562, Nicholas, Ferrara, nferrarafl@infoseek.co.jp, Male, 23.165.8.80)
(563, Oates, Bernhardi, obernhardifm@berkeley.edu, Male, 99.91.103.122)
(564, Germaine, Purselow, gpurselowfn@amazon.com, Male, 210.158.188.46)
(565, Wittie, Gilmore, wgilmorefo@weather.com, Male, 121.25.236.136)
(566, Carling, Ricoald, cricoaldfp@nbcnews.com, Male, 195.17.125.252)
(567, Carrol, Seleway, cselewayfq@prnewswire.com, Male, 122.126.243.115)
(568, Rori, Wescott, rwescottfr@pinterest.com, Female, 45.77.78.58)
(569, Freddy, Wheelband, fwheelbandfs@eepurl.com, Male, 26.117.15.167)
(570, Basilius, Carle, bcarleft@squidoo.com, Male, 120.1.149.228)
(571, Alanah, Garbert, agarbertfu@xing.com, Female, 28.37.187.35)
(572, Alene, Nelhams, anelhamsfv@google.com.au, Female, 118.22.7.220)
(573, Saxe, Compston, scompstonfw@forbes.com, Male, 68.41.88.73)
(574, Dur, Wolfe, dwolfefx@ask.com, Male, 211.82.177.89)
(575, Vittorio, Marson, vmarsonfy@utexas.edu, Male, 143.16.9.51)
(576, Hodge, Theml, hthemlfz@google.com.hk, Male, 93.223.234.90)
(577, Claudelle, Galliver, cgalliverg0@ftc.gov, Female, 18.44.168.12)
(578, Patten, Withur, pwithurg1@infoseek.co.jp, Male, 222.175.233.175)
(579, Keri, Kilfether, kkilfetherg2@wix.com, Female, 205.233.93.118)
(580, Ardelle, Johannes, ajohannesg3@cnet.com, Female, 213.0.131.139)
(581, Huey, Cantle, hcantleg4@disqus.com, Male, 65.226.149.87)
(582, Holmes, Pimme, hpimmeg5@guardian.co.uk, Male, 5.29.39.145)
(583, Karleen, Samwayes, ksamwayesg6@wufoo.com, Female, 84.204.157.142)
(584, Adina, Nettleship, anettleshipg7@omniture.com, Female, 252.21.30.119)
(585, Glynnis, Larkin, glarking8@list-manage.com, Female, 112.126.64.163)
(586, Bidget, Kirkland, bkirklandg9@ovh.net, Female, 242.160.255.255)
(587, Windham, Fortnum, wfortnumga@ftc.gov, Male, 192.162.90.207)
(588, Scotty, Whibley, swhibleygb@mozilla.org, Male, 96.127.127.221)
(589, Flossi, Top, ftopgc@archive.org, Female, 111.145.83.35)
(590, Elias, Blabber, eblabbergd@fema.gov, Male, 240.118.118.183)
(591, Germayne, Hannaway, ghannawayge@wordpress.com, Male, 39.46.62.150)
(592, Merline, Stapley, mstapleygf@usnews.com, Female, 190.61.45.117)
(593, Berrie, Gater, bgatergg@twitter.com, Female, 173.1.7.144)
(594, Nelly, Guiel, nguielgh@bizjournals.com, Female, 168.114.165.84)
(595, Dorothea, McWhin, dmcwhingi@google.es, Female, 182.98.206.232)
(596, Garfield, McCree, gmccreegj@gnu.org, Male, 13.58.100.1)
(597, Cord, Royan, croyangk@ibm.com, Male, 252.250.118.96)
(598, Corny, Muzzlewhite, cmuzzlewhitegl@upenn.edu, Female, 107.189.97.157)
(599, Oriana, Withey, owitheygm@nature.com, Female, 77.128.86.131)
(600, Darryl, Farncomb, dfarncombgn@last.fm, Male, 4.45.227.72)
(601, Nicole, Aasaf, naasafgo@nyu.edu, Female, 46.67.74.228)
(602, Dalila, Wiltshaw, dwiltshawgp@marketwatch.com, Female, 124.30.216.65)
(603, Leanor, Yoslowitz, lyoslowitzgq@uol.com.br, Female, 31.113.88.168)
(604, Kristofer, Rolstone, krolstonegr@feedburner.com, Male, 46.59.11.238)
(605, Zollie, Borham, zborhamgs@auda.org.au, Male, 158.205.50.235)
(606, Nadeen, Dicker, ndickergt@dropbox.com, Female, 11.134.122.58)
(607, Mohandas, Parcell, mparcellgu@senate.gov, Male, 120.35.97.227)
(608, Carmel, Slaney, cslaneygv@mac.com, Female, 107.6.105.104)
(609, Malchy, Starmont, mstarmontgw@tripod.com, Male, 161.159.75.226)
(610, Hamnet, Wisker, hwiskergx@mysql.com, Male, 92.243.140.38)
(611, Thatcher, Menham, tmenhamgy@tuttocitta.it, Male, 168.165.130.74)
(612, Maribelle, Dymoke, mdymokegz@google.de, Female, 166.88.138.170)
(613, Ree, Theunissen, rtheunissenh0@house.gov, Female, 101.90.183.114)
(614, Giusto, Glossup, gglossuph1@mediafire.com, Male, 14.209.0.193)
(615, Ade, Hearsum, ahearsumh2@chron.com, Male, 172.67.81.58)
(616, Darrel, Dudbridge, ddudbridgeh3@elpais.com, Male, 72.77.127.109)
(617, Hali, Gatward, hgatwardh4@paypal.com, Female, 76.19.32.140)
(618, Charlena, Cisland, ccislandh5@sogou.com, Female, 184.211.239.184)
(619, Robby, Chettle, rchettleh6@hugedomains.com, Male, 166.95.140.247)
(620, Janelle, Sheere, jsheereh7@arizona.edu, Female, 126.123.9.74)
(621, Ibby, Orritt, iorritth8@ft.com, Female, 16.213.129.185)
(622, Sasha, Mariette, smarietteh9@wix.com, Female, 118.199.118.228)
(623, Joelynn, Foister, jfoisterha@mashable.com, Female, 14.173.148.35)
(624, Dennie, Willard, dwillardhb@sourceforge.net, Female, 123.100.204.52)
(625, Fletcher, Bulford, fbulfordhc@so-net.ne.jp, Male, 64.93.68.247)
(626, Vyky, Stave, vstavehd@addthis.com, Female, 84.6.149.133)
(627, Catherina, Barks, cbarkshe@instagram.com, Female, 139.31.243.54)
(628, Umeko, Skirving, uskirvinghf@bloglines.com, Female, 21.153.95.177)
(629, Cherlyn, Erb, cerbhg@economist.com, Female, 228.242.37.124)
(630, Kelby, Joseland, kjoselandhh@parallels.com, Male, 93.91.39.85)
(631, Jude, Calverley, jcalverleyhi@angelfire.com, Male, 88.78.241.71)
(632, Arnuad, Vardie, avardiehj@marketwatch.com, Male, 18.87.73.45)
(633, Kessiah, Grzegorzewicz, kgrzegorzewiczhk@wikispaces.com, Female, 175.29.23.88)
(634, Ernestus, Gosart, egosarthl@hao123.com, Male, 143.140.233.62)
(635, Fernandina, Upex, fupexhm@amazon.co.uk, Female, 46.86.6.241)
(636, Basilius, Whittaker, bwhittakerhn@vkontakte.ru, Male, 120.192.79.69)
(637, Evie, Tollet, etolletho@simplemachines.org, Female, 26.0.210.94)
(638, Chryste, Bernard, cbernardhp@columbia.edu, Female, 148.176.151.69)
(639, Huberto, Westrip, hwestriphq@businessweek.com, Male, 92.233.78.16)
(640, Ambros, Allsopp, aallsopphr@adobe.com, Male, 140.175.28.52)
(641, Barnebas, Simmons, bsimmonshs@stumbleupon.com, Male, 136.55.133.181)
(642, Delmore, Brownsall, dbrownsallht@nih.gov, Male, 229.156.218.253)
(643, Dawn, Cuddehy, dcuddehyhu@omniture.com, Female, 1.99.212.48)
(644, Lexie, Awde, lawdehv@usda.gov, Female, 123.201.24.176)
(645, Robb, Iacovazzi, riacovazzihw@is.gd, Male, 138.58.77.246)
(646, Justina, Quan, jquanhx@biblegateway.com, Female, 123.170.92.26)
(647, Pace, Darque, pdarquehy@cisco.com, Male, 101.16.191.168)
(648, Annecorinne, Ferrucci, aferruccihz@marriott.com, Female, 224.71.229.53)
(649, Reinaldos, Hurford, rhurfordi0@tamu.edu, Male, 207.201.190.4)
(650, Zeke, Maton, zmatoni1@yellowpages.com, Male, 200.255.126.96)
(651, Merilyn, Jennens, mjennensi2@google.co.jp, Female, 232.90.132.34)
(652, Sallyann, Greenrod, sgreenrodi3@archive.org, Female, 129.25.20.58)
(653, Jacqui, Semeniuk, jsemeniuki4@istockphoto.com, Female, 11.238.55.160)
(654, Sol, Obington, sobingtoni5@liveinternet.ru, Male, 127.240.150.172)
(655, Steve, Mulgrew, smulgrewi6@ca.gov, Male, 16.212.24.137)
(656, Crissie, Wims, cwimsi7@github.com, Female, 54.251.156.173)
(657, Sherline, Wetherell, swetherelli8@github.com, Female, 71.118.96.1)
(658, Eilis, Byfield, ebyfieldi9@parallels.com, Female, 75.81.169.39)
(659, Seamus, Gallifont, sgallifontia@si.edu, Male, 171.231.64.143)
(660, Ferdy, Cranidge, fcranidgeib@ezinearticles.com, Male, 204.78.233.113)
(661, Carmita, Rooze, croozeic@baidu.com, Female, 97.184.193.71)
(662, Clo, Grenshields, cgrenshieldsid@fema.gov, Female, 75.71.70.202)
(663, Rennie, Gethins, rgethinsie@soundcloud.com, Female, 133.209.194.27)
(664, Brooks, Wein, bweinif@ustream.tv, Female, 13.147.233.219)
(665, Darbee, Callaby, dcallabyig@dropbox.com, Male, 88.113.227.230)
(666, Kalle, Van Der Straaten, kvanderstraatenih@nih.gov, Male, 49.91.135.82)
(667, Noelle, Lutton, nluttonii@clickbank.net, Female, 95.4.85.84)
(668, Hamish, Wiggam, hwiggamij@ucla.edu, Male, 32.91.156.186)
(669, Tybi, Coatham, tcoathamik@mediafire.com, Female, 169.252.142.7)
(670, Herby, McManus, hmcmanusil@alexa.com, Male, 147.192.1.171)
(671, Arly, Brewster, abrewsterim@xrea.com, Female, 254.174.132.239)
(672, Duffie, Wombwell, dwombwellin@istockphoto.com, Male, 246.181.58.112)
(673, Daryle, Blakeston, dblakestonio@sciencedirect.com, Male, 40.120.221.115)
(674, Piggy, Litton, plittonip@alibaba.com, Male, 29.84.219.226)
(675, Redd, Findlater, rfindlateriq@flickr.com, Male, 79.189.76.20)
(676, Jennine, Mincher, jmincherir@4shared.com, Female, 168.152.211.126)
(677, Ilise, Larvent, ilarventis@dion.ne.jp, Female, 187.220.143.206)
(678, Adrianna, Ellerton, aellertonit@weebly.com, Female, 100.79.97.108)
(679, Cad, Lomax, clomaxiu@virginia.edu, Male, 150.173.247.51)
(680, Jake, O'Neary, jonearyiv@google.ru, Male, 195.216.64.12)
(681, Tabina, Crissil, tcrissiliw@shareasale.com, Female, 68.198.6.237)
(682, Averil, Slogrove, aslogroveix@alexa.com, Female, 141.1.171.1)
(683, Toma, Robken, trobkeniy@forbes.com, Female, 179.64.31.125)
(684, Sargent, Ricketts, srickettsiz@cbslocal.com, Male, 167.220.171.114)
(685, Pooh, Ends, pendsj0@livejournal.com, Male, 115.200.251.177)
(686, Sansone, Frissell, sfrissellj1@icio.us, Male, 224.218.2.7)
(687, Constantina, Vassman, cvassmanj2@reverbnation.com, Female, 151.35.214.242)
(688, Clywd, Jenoure, cjenourej3@artisteer.com, Male, 78.250.152.92)
(689, Geordie, Massow, gmassowj4@amazon.de, Male, 102.175.235.70)
(690, Jere, O'Mahoney, jomahoneyj5@digg.com, Female, 93.68.83.193)
(691, Grethel, Morales, gmoralesj6@symantec.com, Female, 79.169.220.130)
(692, Valencia, Cockshot, vcockshotj7@hhs.gov, Female, 181.84.177.179)
(693, Noak, Missington, nmissingtonj8@hexun.com, Male, 20.225.67.248)
(694, Olav, Waldron, owaldronj9@cpanel.net, Male, 153.188.107.75)
(695, Cynde, Wycliff, cwycliffja@netscape.com, Female, 191.192.186.218)
(696, Louis, Filyaev, lfilyaevjb@dedecms.com, Male, 39.235.147.164)
(697, Albertina, Beek, abeekjc@adobe.com, Female, 67.115.137.71)
(698, Helsa, Ferrarello, hferrarellojd@privacy.gov.au, Female, 193.63.225.125)
(699, Inger, Yven, iyvenje@vimeo.com, Male, 32.114.217.205)
(700, Natividad, Hellcat, nhellcatjf@baidu.com, Female, 46.250.18.6)
(701, Kessiah, Johnsson, kjohnssonjg@bbb.org, Female, 156.86.252.158)
(702, Clarance, Walter, cwalterjh@omniture.com, Male, 63.198.54.39)
(703, Michaella, Marcinkus, mmarcinkusji@free.fr, Female, 10.196.201.125)
(704, Dawna, Rains, drainsjj@virginia.edu, Female, 52.102.93.234)
(705, Elisha, Benzie, ebenziejk@ucsd.edu, Male, 189.15.55.79)
(706, Redford, Lune, rlunejl@themeforest.net, Male, 134.54.24.206)
(707, Saree, Beggini, sbegginijm@illinois.edu, Female, 247.92.0.246)
(708, Domingo, Marples, dmarplesjn@issuu.com, Male, 253.155.150.182)
(709, Madelle, Twell, mtwelljo@umn.edu, Female, 65.15.59.157)
(710, Carlina, Korlat, ckorlatjp@scribd.com, Female, 121.67.128.37)
(711, Bette, Coom, bcoomjq@parallels.com, Female, 254.76.86.72)
(712, Roxanna, Crossland, rcrosslandjr@illinois.edu, Female, 237.15.224.19)
(713, Madge, Egell, megelljs@pagesperso-orange.fr, Female, 168.42.167.63)
(714, Raul, Hilary, rhilaryjt@rediff.com, Male, 21.187.237.41)
(715, Jereme, Bedell, jbedellju@unesco.org, Male, 213.54.55.139)
(716, Alberto, Piffe, apiffejv@parallels.com, Male, 108.229.54.2)
(717, Ardine, Suttill, asuttilljw@nba.com, Female, 56.139.180.138)
(718, Shana, Ginn, sginnjx@un.org, Female, 164.170.209.214)
(719, Lyndy, Froment, lfromentjy@sohu.com, Female, 26.109.220.63)
(720, Marina, Dreger, mdregerjz@earthlink.net, Female, 134.200.222.140)
(721, Sula, Seabourne, sseabournek0@blogger.com, Female, 116.224.254.34)
(722, Kara-lynn, Formby, kformbyk1@deviantart.com, Female, 125.250.64.55)
(723, Papagena, Bulman, pbulmank2@booking.com, Female, 80.25.1.146)
(724, Skipp, Beaman, sbeamank3@amazon.co.jp, Male, 102.145.78.142)
(725, Em, McAulay, emcaulayk4@cbsnews.com, Female, 235.1.61.173)
(726, Thornton, Palfreman, tpalfremank5@4shared.com, Male, 221.163.57.46)
(727, Yetta, Feld, yfeldk6@psu.edu, Female, 222.236.240.2)
(728, Jeramey, Ryle, jrylek7@admin.ch, Male, 117.183.188.95)
(729, Leshia, Blandford, lblandfordk8@biblegateway.com, Female, 109.202.209.74)
(730, Leigha, Lamond, llamondk9@rediff.com, Female, 242.190.174.43)
(731, Kerrie, Tregona, ktregonaka@constantcontact.com, Female, 217.123.134.98)
(732, Shaina, Trenchard, strenchardkb@nasa.gov, Female, 2.159.202.247)
(733, Ericha, Conibear, econibearkc@ox.ac.uk, Female, 151.206.240.172)
(734, Marysa, Bracci, mbraccikd@diigo.com, Female, 50.181.157.176)
(735, Vinny, Cabrera, vcabrerake@reuters.com, Male, 99.144.7.130)
(736, Darcee, Jeannon, djeannonkf@hhs.gov, Female, 205.183.185.41)
(737, Rae, Hatcher, rhatcherkg@wordpress.org, Female, 214.175.173.151)
(738, Phebe, Grosvenor, pgrosvenorkh@cam.ac.uk, Female, 92.152.38.253)
(739, Vyky, Eslie, veslieki@microsoft.com, Female, 54.57.205.46)
(740, Normy, Nickerson, nnickersonkj@tmall.com, Male, 235.220.79.224)
(741, Berton, Nutley, bnutleykk@de.vu, Male, 37.172.63.116)
(742, Suki, Knowlton, sknowltonkl@printfriendly.com, Female, 68.34.146.89)
(743, Westley, Dreinan, wdreinankm@apple.com, Male, 219.23.4.103)
(744, Colas, Rechert, crechertkn@ftc.gov, Male, 174.130.43.221)
(745, Candy, Impy, cimpyko@mayoclinic.com, Female, 233.92.163.159)
(746, Karissa, Hadingham, khadinghamkp@jimdo.com, Female, 236.44.249.39)
(747, Thomasin, De Winton, tdewintonkq@imgur.com, Female, 49.199.67.98)
(748, Graham, Puddan, gpuddankr@privacy.gov.au, Male, 160.12.6.37)
(749, Sadella, Worcs, sworcsks@xing.com, Female, 2.6.184.228)
(750, Briana, McFaell, bmcfaellkt@mapy.cz, Female, 248.75.170.249)
(751, Louisette, Schettini, lschettiniku@1und1.de, Female, 89.88.88.19)
(752, Inez, MacVaugh, imacvaughkv@cmu.edu, Female, 80.179.243.96)
(753, Virgina, Sandcroft, vsandcroftkw@rambler.ru, Female, 11.172.120.241)
(754, Maynord, Pozzo, mpozzokx@chron.com, Male, 68.95.205.37)
(755, Nikola, McTeggart, nmcteggartky@nba.com, Male, 77.253.213.52)
(756, Clevie, Volet, cvoletkz@sogou.com, Male, 194.81.144.12)
(757, Alaster, Bunten, abuntenl0@acquirethisname.com, Male, 30.230.101.35)
(758, Kingsley, Pigden, kpigdenl1@phoca.cz, Male, 22.240.147.69)
(759, Ofella, Pert, opertl2@stumbleupon.com, Female, 41.5.140.138)
(760, Kaleb, Elwel, kelwell3@cyberchimps.com, Male, 119.177.104.190)
(761, Redd, Kingsbury, rkingsburyl4@lycos.com, Male, 39.209.215.45)
(762, Nigel, Dann, ndannl5@flavors.me, Male, 88.223.178.80)
(763, Teodoor, Styche, tstychel6@sitemeter.com, Male, 224.159.168.243)
(764, Kimball, Pinner, kpinnerl7@ning.com, Male, 11.212.13.56)
(765, Dorene, Schach, dschachl8@berkeley.edu, Female, 185.101.193.98)
(766, Charyl, McAne, cmcanel9@desdev.cn, Female, 24.44.129.9)
(767, Garrik, St Ange, gstangela@is.gd, Male, 108.242.217.11)
(768, Rebbecca, Brangan, rbranganlb@flickr.com, Female, 59.191.179.232)
(769, Ruttger, Worviell, rworvielllc@hud.gov, Male, 255.25.155.238)
(770, Mar, Daunter, mdaunterld@google.com.br, Male, 60.35.61.149)
(771, Dulcea, Di Domenico, ddidomenicole@marketwatch.com, Female, 237.237.238.221)
(772, Adelaide, Burry, aburrylf@canalblog.com, Female, 133.22.123.53)
(773, Annabella, Roskruge, aroskrugelg@nationalgeographic.com, Female, 166.12.218.215)
(774, Alexandro, Lukash, alukashlh@dyndns.org, Male, 232.42.142.233)
(775, Idell, Block, iblockli@hp.com, Female, 42.124.34.81)
(776, Candide, Scoines, cscoineslj@nationalgeographic.com, Female, 180.181.233.42)
(777, Gerianna, Trench, gtrenchlk@ucoz.ru, Female, 134.54.144.143)
(778, Arte, Weathers, aweathersll@wikia.com, Male, 73.234.143.160)
(779, Neil, Trass, ntrasslm@archive.org, Male, 120.121.136.55)
(780, Lanie, Nyssen, lnyssenln@google.co.uk, Male, 151.246.165.124)
(781, Rowena, Cullip, rculliplo@shareasale.com, Female, 28.158.91.73)
(782, Harbert, Kaygill, hkaygilllp@uiuc.edu, Male, 129.205.127.95)
(783, Selma, Wadie, swadielq@bandcamp.com, Female, 224.155.107.131)
(784, Harry, Lilleycrop, hlilleycroplr@oaic.gov.au, Male, 188.31.142.55)
(785, Elladine, Maryon, emaryonls@google.nl, Female, 161.176.133.40)
(786, Paloma, Shillington, pshillingtonlt@cnbc.com, Female, 158.158.229.18)
(787, Deloris, Garrit, dgarritlu@sogou.com, Female, 33.8.83.216)
(788, Lianne, Bultitude, lbultitudelv@goodreads.com, Female, 36.151.10.42)
(789, Stearne, Scamadine, sscamadinelw@topsy.com, Male, 14.185.250.97)
(790, Alonso, Winpenny, awinpennylx@unicef.org, Male, 145.210.2.40)
(791, Elene, Heggadon, eheggadonly@ebay.com, Female, 109.43.77.245)
(792, Curtis, Kerwin, ckerwinlz@utexas.edu, Male, 166.72.254.226)
(793, Aldo, Yendall, ayendallm0@unesco.org, Male, 137.24.21.222)
(794, Helen, Folds, hfoldsm1@soundcloud.com, Female, 119.28.248.59)
(795, Orsola, Hacquel, ohacquelm2@ifeng.com, Female, 95.230.51.9)
(796, Janifer, Moulsdale, jmoulsdalem3@wsj.com, Female, 79.47.147.18)
(797, Tybie, Clemenzi, tclemenzim4@disqus.com, Female, 125.171.16.190)
(798, Feliks, Yakubov, fyakubovm5@webs.com, Male, 108.140.59.64)
(799, Binnie, Darree, bdarreem6@bing.com, Female, 249.25.31.233)
(800, Saba, Sommerland, ssommerlandm7@yellowpages.com, Female, 76.43.77.67)
(801, Tome, Tratton, ttrattonm8@dropbox.com, Male, 189.240.34.89)
(802, Tina, Isworth, tisworthm9@forbes.com, Female, 104.93.32.162)
(803, Massimo, Clutten, mcluttenma@economist.com, Male, 229.33.78.184)
(804, Byram, Baudain, bbaudainmb@nationalgeographic.com, Male, 116.118.78.161)
(805, Jacquelyn, Gert, jgertmc@shutterfly.com, Female, 9.151.197.14)
(806, Sile, Picker, spickermd@merriam-webster.com, Female, 94.4.196.55)
(807, Catlin, Howden, chowdenme@usda.gov, Female, 232.90.131.210)
(808, Allie, Nathan, anathanmf@blog.com, Male, 70.232.152.151)
(809, Crystal, Vasovic, cvasovicmg@imageshack.us, Female, 19.208.0.249)
(810, Izak, MacPherson, imacphersonmh@theatlantic.com, Male, 236.102.82.157)
(811, Mariette, Persich, mpersichmi@mysql.com, Female, 125.251.251.122)
(812, Lorenza, Joan, ljoanmj@t-online.de, Female, 67.134.248.244)
(813, Moore, Kops, mkopsmk@bloglines.com, Male, 128.196.81.181)
(814, Marianna, Castanos, mcastanosml@bizjournals.com, Female, 157.212.42.22)
(815, Robbin, Malkin, rmalkinmm@shinystat.com, Female, 222.250.47.165)
(816, Hillery, Winks, hwinksmn@sfgate.com, Male, 0.101.192.161)
(817, Lise, Fawson, lfawsonmo@amazon.com, Female, 201.154.18.207)
(818, Hunfredo, Parbrook, hparbrookmp@homestead.com, Male, 24.87.162.181)
(819, Delainey, Woolforde, dwoolfordemq@multiply.com, Male, 135.53.254.157)
(820, Alleen, Cabrales, acabralesmr@123-reg.co.uk, Female, 106.237.39.214)
(821, Cornie, Joburn, cjoburnms@slashdot.org, Male, 140.175.246.225)
(822, Tisha, Benesevich, tbenesevichmt@cornell.edu, Female, 142.198.136.7)
(823, Tobie, Dobing, tdobingmu@is.gd, Male, 64.23.93.93)
(824, Moselle, Spivie, mspiviemv@wordpress.org, Female, 16.96.6.51)
(825, Brennan, Rennard, brennardmw@nbcnews.com, Male, 245.10.1.240)
(826, Jeanelle, Axcel, jaxcelmx@aol.com, Female, 168.136.163.114)
(827, Ranna, Giacomini, rgiacominimy@washingtonpost.com, Female, 126.138.204.230)
(828, Evania, Iliffe, eiliffemz@merriam-webster.com, Female, 245.55.141.178)
(829, Gaspard, Perdue, gperduen0@netlog.com, Male, 117.21.22.150)
(830, Ros, Lukock, rlukockn1@apache.org, Female, 127.114.42.184)
(831, Eudora, Bogaert, ebogaertn2@mit.edu, Female, 182.69.80.196)
(832, Nickey, D'Antonio, ndantonion3@cpanel.net, Male, 51.206.150.146)
(833, Ardys, Hepher, ahephern4@biblegateway.com, Female, 46.7.189.239)
(834, Cindee, Gleed, cgleedn5@dell.com, Female, 105.189.124.173)
(835, Jerrome, Folling, jfollingn6@npr.org, Male, 111.8.55.77)
(836, Garold, Shannon, gshannonn7@g.co, Male, 10.186.116.207)
(837, Ina, Renney, irenneyn8@multiply.com, Female, 32.227.136.135)
(838, Dahlia, Yeoman, dyeomann9@networksolutions.com, Female, 150.181.23.8)
(839, Arthur, Tirrey, atirreyna@prlog.org, Male, 128.31.12.224)
(840, Alane, Fernant, afernantnb@nih.gov, Female, 147.62.9.26)
(841, Bartlet, Worton, bwortonnc@webnode.com, Male, 239.165.121.219)
(842, Isidora, Ching, ichingnd@tmall.com, Female, 137.175.48.46)
(843, Layney, Aggio, laggione@theatlantic.com, Female, 187.163.202.115)
(844, Amabelle, Penas, apenasnf@latimes.com, Female, 156.1.66.180)
(845, Teodora, Cuddehay, tcuddehayng@vk.com, Female, 158.156.84.98)
(846, Launce, Eastridge, leastridgenh@businesswire.com, Male, 209.209.148.217)
(847, Arnie, Bonehill, abonehillni@cocolog-nifty.com, Male, 83.179.9.128)
(848, Ursala, Saladino, usaladinonj@mac.com, Female, 201.74.229.114)
(849, Rogerio, Frentz, rfrentznk@nature.com, Male, 134.161.40.94)
(850, Borden, Lahiff, blahiffnl@vkontakte.ru, Male, 204.59.165.212)
(851, Penrod, Iacivelli, piacivellinm@trellian.com, Male, 218.116.16.242)
(852, Peggi, Bamb, pbambnn@msu.edu, Female, 85.248.90.25)
(853, Ailsun, Cammack, acammackno@ning.com, Female, 84.14.112.184)
(854, Ingrid, Casella, icasellanp@google.ru, Female, 151.110.124.175)
(855, Noni, Putten, nputtennq@cornell.edu, Female, 178.154.181.30)
(856, Weider, Cristofvao, wcristofvaonr@example.com, Male, 249.98.250.195)
(857, Serena, Mattosoff, smattosoffns@reddit.com, Female, 189.129.25.79)
(858, Avivah, Mouton, amoutonnt@livejournal.com, Female, 101.19.157.106)
(859, Efrem, Dosdell, edosdellnu@nationalgeographic.com, Male, 235.122.99.80)
(860, Erroll, Leys, eleysnv@joomla.org, Male, 78.217.127.93)
(861, Lusa, Viegas, lviegasnw@marriott.com, Female, 32.165.226.35)
(862, Dewain, O'Henehan, dohenehannx@ftc.gov, Male, 37.184.52.204)
(863, Pierette, Soares, psoaresny@wordpress.org, Female, 33.218.99.58)
(864, Zenia, Lindroos, zlindroosnz@jimdo.com, Female, 57.48.220.222)
(865, Karney, Richfield, krichfieldo0@odnoklassniki.ru, Male, 5.132.243.222)
(866, Tan, Heustice, theusticeo1@deliciousdays.com, Male, 46.4.177.7)
(867, Karl, Beine, kbeineo2@woothemes.com, Male, 27.141.220.219)
(868, Rayshell, Roughan, rroughano3@hatena.ne.jp, Female, 59.7.193.127)
(869, Lana, Greensides, lgreensideso4@facebook.com, Female, 174.177.184.74)
(870, Sid, Rogger, sroggero5@google.de, Male, 15.211.149.82)
(871, Herb, Hazeltine, hhazeltineo6@usnews.com, Male, 226.139.138.224)
(872, Corney, Seager, cseagero7@trellian.com, Male, 70.134.208.221)
(873, Bobbie, Lemm, blemmo8@independent.co.uk, Female, 215.175.34.223)
(874, Eberhard, Witheford, ewithefordo9@slideshare.net, Male, 245.78.234.244)
(875, Glenine, Van der Kruis, gvanderkruisoa@samsung.com, Female, 150.60.181.227)
(876, Shana, Del Castello, sdelcastelloob@jimdo.com, Female, 93.205.144.107)
(877, Hephzibah, Balshen, hbalshenoc@rakuten.co.jp, Female, 40.71.41.184)
(878, Jase, Wale, jwaleod@hp.com, Male, 98.10.149.236)
(879, Travers, Beeden, tbeedenoe@ask.com, Male, 122.138.254.132)
(880, Denyse, Achromov, dachromovof@livejournal.com, Female, 33.236.107.77)
(881, Hewitt, Aikman, haikmanog@pen.io, Male, 133.213.201.68)
(882, Dionne, Burk, dburkoh@jimdo.com, Female, 154.47.136.198)
(883, Clare, Axtell, caxtelloi@purevolume.com, Male, 147.189.104.203)
(884, Jerri, O'Brallaghan, jobrallaghanoj@jigsy.com, Male, 169.70.107.178)
(885, Cassy, Baxendale, cbaxendaleok@webeden.co.uk, Female, 227.53.118.243)
(886, Alexandrina, Palle, apalleol@moonfruit.com, Female, 173.229.61.103)
(887, Rhodie, Enderwick, renderwickom@umn.edu, Female, 140.108.187.6)
(888, Melosa, Rouf, mroufon@spotify.com, Female, 226.73.13.76)
(889, Innis, Blunsen, iblunsenoo@flickr.com, Male, 229.92.214.55)
(890, Lidia, Keune, lkeuneop@1688.com, Female, 16.253.11.229)
(891, Lamond, Tregenza, ltregenzaoq@blogger.com, Male, 206.81.47.220)
(892, Pablo, Cull, pcullor@kickstarter.com, Male, 19.90.172.176)
(893, Byran, Beale, bbealeos@apple.com, Male, 22.25.246.194)
(894, Marcel, Lawrence, mlawrenceot@shareasale.com, Male, 248.42.178.113)
(895, Maureen, Hartlebury, mhartleburyou@marketwatch.com, Female, 91.247.186.6)
(896, Katie, Larking, klarkingov@tinypic.com, Female, 66.22.126.131)
(897, Benn, Hubber, bhubberow@eventbrite.com, Male, 161.8.141.40)
(898, Gallagher, Torn, gtornox@arstechnica.com, Male, 20.84.184.117)
(899, Kayley, Phear, kphearoy@photobucket.com, Female, 64.35.136.129)
(900, Rita, O'Lehane, rolehaneoz@webnode.com, Female, 151.3.108.54)
(901, Kareem, Rosling, kroslingp0@chron.com, Male, 195.194.190.55)
(902, Hephzibah, Blinco, hblincop1@unblog.fr, Female, 11.100.231.156)
(903, Ogdan, MacColgan, omaccolganp2@storify.com, Male, 6.198.176.74)
(904, Alister, Paula, apaulap3@techcrunch.com, Male, 99.148.1.46)
(905, Yurik, Nabarro, ynabarrop4@unicef.org, Male, 224.80.217.82)
(906, Geneva, Rider, griderp5@meetup.com, Female, 158.203.189.198)
(907, Ailey, Blowfelde, ablowfeldep6@furl.net, Female, 73.113.194.176)
(908, Andras, Yakolev, ayakolevp7@newyorker.com, Male, 41.81.243.199)
(909, Mayne, Shadbolt, mshadboltp8@jalbum.net, Male, 157.175.170.229)
(910, Walker, Ebi, webip9@chron.com, Male, 129.233.64.60)
(911, Elke, Stitcher, estitcherpa@omniture.com, Female, 90.138.52.250)
(912, Deeann, Drust, ddrustpb@ask.com, Female, 135.89.97.71)
(913, Jerrylee, Balhatchet, jbalhatchetpc@4shared.com, Female, 108.228.42.36)
(914, Annabela, Noads, anoadspd@163.com, Female, 40.95.46.248)
(915, Adams, Macrow, amacrowpe@godaddy.com, Male, 79.180.50.87)
(916, Tudor, Carling, tcarlingpf@google.com.hk, Male, 255.243.82.74)
(917, Holly-anne, Normaville, hnormavillepg@house.gov, Female, 110.122.157.63)
(918, Lazarus, Dennes, ldennesph@weather.com, Male, 128.219.208.192)
(919, Herve, Pawlicki, hpawlickipi@hibu.com, Male, 155.232.191.150)
(920, Merv, Perrottet, mperrottetpj@vinaora.com, Male, 30.150.38.136)
(921, Johann, Norvel, jnorvelpk@theatlantic.com, Male, 161.163.247.189)
(922, Cornie, Brockhurst, cbrockhurstpl@furl.net, Male, 128.214.105.73)
(923, Elle, Juschke, ejuschkepm@ning.com, Female, 102.30.34.8)
(924, Corny, Cochran, ccochranpn@hc360.com, Female, 184.56.163.206)
(925, Nicolette, Crisall, ncrisallpo@histats.com, Female, 87.65.47.226)
(926, Jess, Spurritt, jspurrittpp@go.com, Female, 98.137.203.115)
(927, Modesta, Willis, mwillispq@baidu.com, Female, 197.67.62.165)
(928, Jessalin, O'Noland, jonolandpr@goo.ne.jp, Female, 192.25.167.77)
(929, Vallie, Conlaund, vconlaundps@issuu.com, Female, 164.191.51.210)
(930, Melodee, Battle, mbattlept@gov.uk, Female, 121.178.27.109)
(931, Jakie, Gon, jgonpu@pbs.org, Male, 132.118.81.137)
(932, Myrta, Creer, mcreerpv@facebook.com, Female, 236.54.126.24)
(933, Larissa, Bengle, lbenglepw@delicious.com, Female, 199.170.162.243)
(934, Rosina, MacCaughey, rmaccaugheypx@lycos.com, Female, 116.55.82.61)
(935, Eadie, Duker, edukerpy@mayoclinic.com, Female, 53.50.91.227)
(936, Chrissie, Gariff, cgariffpz@epa.gov, Male, 191.70.112.120)
(937, Kellie, Gateley, kgateleyq0@netvibes.com, Female, 221.161.181.191)
(938, Kameko, Roony, kroonyq1@myspace.com, Female, 2.51.182.92)
(939, Mortie, Server, mserverq2@weibo.com, Male, 167.151.192.77)
(940, Gizela, Ditt, gdittq3@ocn.ne.jp, Female, 37.97.66.158)
(941, Amargo, Reppaport, areppaportq4@diigo.com, Female, 33.230.182.158)
(942, Perri, Braemer, pbraemerq5@weebly.com, Female, 209.249.166.234)
(943, Raphaela, Oldknowe, roldknoweq6@nhs.uk, Female, 165.193.54.226)
(944, Jarred, Josey, jjoseyq7@vk.com, Male, 218.11.67.76)
(945, Collete, Kingshott, ckingshottq8@census.gov, Female, 86.101.168.17)
(946, Inglis, Menham, imenhamq9@dmoz.org, Male, 105.57.92.22)
(947, Cherise, Keightley, ckeightleyqa@usgs.gov, Female, 78.9.152.117)
(948, Christiana, Skipper, cskipperqb@last.fm, Female, 233.142.27.72)
(949, Leonardo, Vinas, lvinasqc@about.me, Male, 145.104.186.62)
(950, Ewart, Aggett, eaggettqd@yolasite.com, Male, 247.137.221.51)
(951, Nana, Mobius, nmobiusqe@ted.com, Female, 207.227.138.144)
(952, Phaidra, Knewstubb, pknewstubbqf@kickstarter.com, Female, 173.84.178.92)
(953, Madge, Summerley, msummerleyqg@360.cn, Female, 103.195.105.228)
(954, Algernon, Kiossel, akiosselqh@geocities.com, Male, 43.101.64.207)
(955, Lorne, Tonry, ltonryqi@nasa.gov, Male, 7.253.57.67)
(956, Filippo, Wyant, fwyantqj@unc.edu, Male, 94.24.222.227)
(957, Lottie, Burbury, lburburyqk@artisteer.com, Female, 183.153.127.237)
(958, Garik, Axcell, gaxcellql@hc360.com, Male, 103.195.237.149)
(959, Travers, Carnegie, tcarnegieqm@webeden.co.uk, Male, 238.97.46.92)
(960, Addie, Weildish, aweildishqn@hc360.com, Female, 68.210.25.108)
(961, Arnaldo, Ertelt, aerteltqo@guardian.co.uk, Male, 188.186.23.89)
(962, Riordan, Bulman, rbulmanqp@mlb.com, Male, 6.255.253.64)
(963, Lois, Cuthbert, lcuthbertqq@stanford.edu, Female, 150.111.79.80)
(964, Geoffrey, Rihanek, grihanekqr@microsoft.com, Male, 155.80.252.18)
(965, Tallou, Ranfield, tranfieldqs@tripod.com, Female, 178.209.198.252)
(966, Manfred, Bake, mbakeqt@webeden.co.uk, Male, 223.214.196.151)
(967, Fabio, Rossiter, frossiterqu@goodreads.com, Male, 7.17.138.207)
(968, Glenn, Bundy, gbundyqv@ehow.com, Male, 187.208.33.177)
(969, Stephan, Berthot, sberthotqw@example.com, Male, 58.3.37.33)
(970, Kippie, Slorach, kslorachqx@answers.com, Female, 200.17.219.67)
(971, Drew, Coskerry, dcoskerryqy@nydailynews.com, Male, 64.31.153.21)
(972, Holmes, Quiddinton, hquiddintonqz@stumbleupon.com, Male, 3.188.91.164)
(973, Floyd, Charle, fcharler0@baidu.com, Male, 154.195.183.165)
(974, Bart, Badrock, bbadrockr1@yandex.ru, Male, 57.76.62.198)
(975, Dagny, Duggen, dduggenr2@aol.com, Male, 132.203.232.194)
(976, Bone, Pledger, bpledgerr3@msn.com, Male, 219.99.46.152)
(977, Lorelle, Joynson, ljoynsonr4@seesaa.net, Female, 77.107.67.235)
(978, Craggie, Burrow, cburrowr5@huffingtonpost.com, Male, 229.229.49.241)
(979, Brianne, Della, bdellar6@smh.com.au, Female, 234.29.54.143)
(980, Terza, Ludy, tludyr7@ameblo.jp, Female, 1.209.104.61)
(981, Uriel, Le Fevre, ulefevrer8@edublogs.org, Male, 23.204.79.187)
(982, Marve, Jimpson, mjimpsonr9@paypal.com, Male, 240.149.108.159)
(983, Eldin, Durtnell, edurtnellra@angelfire.com, Male, 230.221.16.128)
(984, Zilvia, Twitchings, ztwitchingsrb@amazonaws.com, Female, 45.208.41.221)
(985, Kienan, Poluzzi, kpoluzzirc@youku.com, Male, 171.175.22.35)
(986, Marlene, Songer, msongerrd@wikimedia.org, Female, 23.246.225.248)
(987, Radcliffe, Carnihan, rcarnihanre@ovh.net, Male, 230.201.57.141)
(988, Ketti, Stent, kstentrf@engadget.com, Female, 237.169.173.153)
(989, Dasie, Gaskarth, dgaskarthrg@mit.edu, Female, 255.239.243.29)
(990, Kristofor, Whitlam, kwhitlamrh@nasa.gov, Male, 68.190.40.33)
(991, Cammie, O' Loughran, coloughranri@cnet.com, Female, 229.68.254.19)
(992, Stanfield, Nisius, snisiusrj@google.de, Male, 122.222.215.65)
(993, Malcolm, Ackenhead, mackenheadrk@xrea.com, Male, 164.176.146.241)
(994, Lindsay, Cathro, lcathrorl@techcrunch.com, Male, 28.194.147.192)
(995, Sella, Assur, sassurrm@senate.gov, Female, 163.104.101.208)
(996, Wendall, Hoggin, whogginrn@hibu.com, Male, 224.29.19.26)
(997, Stearn, Nutty, snuttyro@npr.org, Male, 59.205.135.28)
(998, Daisi, Human, dhumanrp@php.net, Female, 144.83.55.157)
(999, Diahann, Algore, dalgorerq@livejournal.com, Female, 103.141.198.238)
(1000, Sherwin, Hasty, shastyrr@paginegialle.it, Male, 45.57.81.101)